<?xml version="1.0" encoding="UTF-8"?>
<project-private xmlns="http://www.netbeans.org/ns/project-private/1">
    <editor-bookmarks xmlns="http://www.netbeans.org/ns/editor-bookmarks/2" lastBookmarkId="0"/>
    <open-files xmlns="http://www.netbeans.org/ns/projectui-open-files/2">
        <group>
            <file>file:/D:/UAS-PBO-SISTEM%20-%20alhamdi/UAS-PBO-SISTEM/src/register.java</file>
            <file>file:/D:/UAS-PBO-SISTEM%20-%20alhamdi/UAS-PBO-SISTEM/src/Form_Login.java</file>
            <file>file:/D:/UAS-PBO-SISTEM%20-%20alhamdi/UAS-PBO-SISTEM/src/From_Utama.java</file>
            <file>file:/D:/UAS-PBO-SISTEM%20-%20alhamdi/UAS-PBO-SISTEM/src/Koneksi_db.java</file>
            <file>file:/D:/UAS-PBO-SISTEM%20-%20alhamdi/UAS-PBO-SISTEM/src/About.java</file>
            <file>file:/D:/UAS-PBO-SISTEM%20-%20alhamdi/UAS-PBO-SISTEM/src/Form_Mhs.java</file>
            <file>file:/D:/UAS-PBO-SISTEM%20-%20alhamdi/UAS-PBO-SISTEM/src/Config.java</file>
        </group>
    </open-files>
</project-private>
